{"0590a9a0320be2d921b0c04d5d1f61e8": {"pattern": [[{"span.name": "GET api/schema/", "processor.event": "transaction"}, {"span.name": "sqlite3.dbapi2.connect", "processor.event": "span"}], [{"span.name": "GET api/schema/", "processor.event": "transaction"}, {"span.name": "SELECT FROM", "processor.event": "span"}], [{"span.name": "GET api/schema/", "processor.event": "transaction"}, {"span.name": "PRAGMA", "processor.event": "span"}], [{"span.name": "GET api/schema/", "processor.event": "transaction"}, {"span.name": "PRAGMA", "processor.event": "span"}], [{"span.name": "GET api/schema/", "processor.event": "transaction"}, {"span.name": "SELECT FROM django_session", "processor.event": "span"}], [{"span.name": "GET api/schema/", "processor.event": "transaction"}, {"span.name": "SELECT FROM", "processor.event": "span"}], [{"span.name": "GET api/schema/", "processor.event": "transaction"}, {"span.name": "SELECT FROM auth_user", "processor.event": "span"}], [{"span.name": "GET api/schema/", "processor.event": "transaction"}, {"span.name": "SELECT FROM", "processor.event": "span"}]], "count": 3}}