<?xml version="1.0" encoding="UTF-8"?>
<Configuration status="warn">
    <CustomLevels>
        <CustomLevel name="DIAG" intLevel="250" />
    </CustomLevels>
    <Appenders>
        <Console name="console" target="SYSTEM_OUT">
            <PatternLayout pattern="%msg%n"/>
            <Filters>
                <MarkerFilter marker="CONSOLE" onMatch="ACCEPT" onMismatch="DENY"/>
            </Filters>
        </Console>
        <File name="packaged" fileName="startup.log"
              append="false"
              immediateFlush="true">
            <PatternLayout pattern="%d{HH:mm:ss.SSS} [%t] %-5level %logger{36} - %msg%n"/>
        </File>
    </Appenders>
    <Loggers>
        <Root level="info">
            <AppenderRef ref="console" />
            <AppenderRef ref="diag" />
        </Root>
    </Loggers>
</Configuration>
