{
  "size": {{size}},
    "query":{
      "bool": {
        "filter": [
          {"bool": {"should": [
            {"term": {"type": "{{type}}"}},
            {"exists": {"field": "{{field}}"}}
          ]}},
          {"term": { "cluster_uuid" : "{{clusterId}}"} },
          { "range":
            { "timestamp":
              {
                "gte": "{{start}}",
                "lte": "{{stop}}"
              }
            }
          }

        ]
      }
    },
    "sort": [
        {
          "timestamp":
          {
            "order": "asc"
          }
        }
    ]
}