{
  "size": {{size}},
  "query":{
    "bool": {
      "filter": [
        {"bool": {"should": [
          {"term": {"type": "index_stats"}},
          {"exists": {"field": "index_stats"}}
        ]}},
        {"term": { "cluster_uuid" : "{{clusterId}}"} },
        { "range":
          { "timestamp":
            {
              "gte": "{{start}}",
              "lte": "{{stop}}"
            }
          }
        }
      ]
    }
  },
  "sort": [
  {
    "index_stats.index": {
      "order": "asc"
    }
  },
  {
    "timestamp": {
      "order": "asc"
      }
  }
  ]
}